{
  "Omega_r0": 9.2e-05,
  "Omega_m0": 0.315,
  "Omega_L0": 0.684,
  "Omega_ent0": 1e-05,
  "Omega_k0": 0.0008979999999999544,
  "H0": 1.0,
  "epsilon": 0.01,
  "DeltaN": 50.0,
  "N0": -3.0,
  "c_s_ent": 1.0,
  "c_s_scalar": 1.0,
  "n0": 0.4,
  "k0": 222.3979658753709,
  "sigma_ln_k": 0.4,
  "Gamma_over_H": 3.0,
  "A_ring": 0.02,
  "phi_ring": 0.0
}